,CUE,Nletters,Lg10WF,AoA_Kup_lem
1,a,-0.173530674,0.221437662,-0.371108253
2,a lot,-0.167432129,0.046926013,-0.404672556
3,after,0.083565224,0.185086932,-0.320128266
4,airplane,-0.527073625,0.076557994,-0.567286854
5,all,0.424636313,0.142543648,-0.14994769
6,all gone,-0.443120974,0.222753014,-0.58638879
7,alligator,0.184436275,-0.037980883,-0.213355966
8,am,-0.337583914,0.217859884,-0.162852264
9,and,-0.009865621,0.078117707,-0.065765431
10,animal,-0.334810692,0.12298488,-0.490345482
11,ankle,-0.574818402,0.148022877,-0.832700198
12,another,0.088784008,-0.042020493,0.075264151
13,ant,-0.154830851,0.02214886,-0.262111051
14,any,-0.172066029,0.155458054,-0.229847055
15,apple,0.194462503,0.095359113,-0.360825259
16,applesauce,-0.205386763,-0.041562302,-0.28566798
17,are,-0.48035205,0.249705227,-0.138908726
18,arm,-0.065401467,0.178354288,-0.686713123
19,around,0.115684456,-0.099944974,-0.096400716
20,asleep,-0.112373115,0.116245824,-0.394335875
21,at,0.039704198,0.15532064,-0.29458528
22,aunt,-0.006650188,0.161952284,-0.241574567
23,awake,-0.270833333,0.316957489,-0.76149234
24,away,-0.064344117,0.104788387,-0.114719752
25,baa baa,-0.060269627,0.057322353,-0.440552258
26,baby,-0.057815599,0.333083393,-0.068257123
27,back,0.060371145,0.129145246,-0.247062952
28,backyard,-0.087899543,0.265722745,-0.597797279
29,bad,-0.300154739,-0.068901121,-0.732721635
30,ball,-0.240501672,0.114680226,-0.109187759
31,balloon,0.004381414,0.130837843,-0.625079977
32,banana,-0.151798864,0.129094963,-0.470799703
33,basket,-0.151515974,0.184452925,-0.699509055
34,bat,-0.083369628,0.034632127,-0.059792821
35,bath,0.049863244,0.074850899,-0.280233988
36,bathroom,-0.030392251,-0.202244299,-0.699847859
37,bathtub,-0.07939401,0.082590277,-0.218128975
38,be,-0.780011689,0.330036423,-0.300503633
39,beach,0.028196106,0.07024057,-0.208167559
40,beads,0.077631512,-0.027258528,-0.280343381
41,beans,0.137690632,0.080193859,-0.514368251
42,bear,0.034146341,0.055987465,-0.405280376
43,because,-0.395489927,0.171283544,-0.32625431
44,bed,0.060854156,-0.048455651,-0.454431996
45,bedroom,-0.427390342,0.215360874,-0.742508943
46,bee,-0.104821347,0.078823118,-0.349029337
47,behind,0.054310741,0.240463821,-0.127945665
48,belly button,0.215871723,0.0749313,-0.747095314
49,belt,-0.275309054,0.168392125,-0.662378131
50,bench,-0.382686378,0.217904093,-0.465208465
51,better,-0.264948691,0.17469756,-0.689067351
52,bib,0.152110652,-0.110787229,-0.074605457
53,bicycle,-0.057723193,-0.010760586,-0.059836776
54,big,-0.303893919,-0.002116287,-0.144871387
55,bird,-0.040235247,0.026429535,-0.14400904
56,bite,-0.110367893,-0.110212924,-0.07023195
57,black,0.002271032,0.01263981,-0.198214752
58,blanket,0.142220056,-0.030908835,0.023432574
59,block (object),-0.156987578,-0.070221217,0.0219353
60,blow,0.133105802,-0.153598585,-0.409836782
61,blue,-0.020134228,0.001623071,-0.308487809
62,boat,0.093827302,0.084303457,-0.501540073
63,book,-0.259717514,0.332375569,-0.954963124
64,boots,-0.129600278,0.021908875,-0.580976354
65,bottle,0.109944293,0.056935212,-0.492365286
66,bowl,-0.243910452,0.052822585,-0.350098865
67,box,-0.200701654,0.10136879,-0.458251396
68,boy,-0.129151465,0.248090374,-0.120451387
69,bread,-0.097200377,0.14401249,-0.399885751
70,break,-0.265215264,-0.04073252,-0.475860612
71,breakfast,0.032944634,0.263170741,-0.399171409
72,bring,-0.46440678,0.218071894,-0.373787319
73,broken,-0.301153403,0.021779188,-0.166956858
74,broom,-0.155464641,0.060349609,-0.331077489
75,brother,-0.156629932,0.025523,-0.219996561
76,brown,0.037647936,-0.042757892,-0.11405917
77,brush,-0.054913395,0.090316918,-0.356039476
78,bubbles,-0.281355932,0.030476615,-0.06522318
79,bucket,0.069904216,-0.127300868,-0.008017703
80,bug,-0.258904966,0.109453259,-0.486336402
81,build,-0.284982699,0.054098642,-0.229544664
82,bump,-0.241638225,0.065841629,-0.433034654
83,bunny,-0.087438932,0.0330305,-0.070715591
84,bus,-0.173878424,0.197385061,-0.491938263
85,butter,-0.114652189,0.059235817,-0.053818413
86,butterfly,-0.220860035,0.141866681,-0.648344171
87,buttocks,0.065462163,-0.016509227,-0.508695498
88,button,0.236445473,-0.025262418,-0.259003528
89,buy,-0.442176871,0.258994122,-0.744095823
90,by,-0.141773538,0.120668508,-0.201714758
91,bye,0.234307831,-0.080967692,-0.003247171
92,cake,-0.075709137,0.109740438,-0.305792928
93,call (on phone),-0.226950355,0.267136881,-0.773450362
94,camera,0.153880731,0.202555781,-0.852634475
95,candy,0.175063288,0.064489919,-0.337468936
96,car,-0.085617867,0.09777329,-0.371958726
97,careful,-0.758088734,0.367392503,-0.955046404
98,carrots,0.172490759,0.044479621,-0.027803949
99,carry,-0.193884707,0.171117977,-0.387881107
100,cat,0.041062035,-0.194178238,-0.084766572
101,catch,-0.100009287,0.119230898,-0.131872697
102,cereal,0.383191481,0.131232872,-0.44128346
103,chair,-0.337368051,0.245887542,-0.449944019
104,chalk,-0.022204022,-0.075979545,-0.259214495
105,chase,-0.333390984,0.115878384,-0.469989337
106,cheek,0.048885367,0.132201719,-0.39705937
107,cheerios,-0.08041958,0.008314119,-0.338259713
108,cheese,-0.207505718,0.16753034,-1.140740986
109,chin,-0.338048323,0.250299698,-0.828882438
110,chocolate,0.192721165,-0.005629741,-0.421943104
111,choo choo,-0.092012932,0.007644016,-0.200758849
112,church,-0.503546099,0.495231165,-0.907694596
113,circus,-0.155278252,0.111187538,-0.29710409
114,clap,-0.157126943,0.083921066,-0.312865048
115,climb,-0.782799905,0.323224353,-0.769770815
116,clock,-0.177523334,0.177745524,-0.535478607
117,close (verb),-0.108843537,0.014108889,-0.21445169
118,closet,0.031295919,-0.011278519,-0.167314431
119,cloud,-0.219185979,0.139889086,-0.464134228
120,clown,0.31841109,-0.080945711,-0.016359988
121,coat,-0.063139992,0.137169628,-0.425837699
122,cockadoodledoo,0.15582479,0.036722997,-0.180895618
123,coffee,-0.395459386,0.208268128,-0.932788795
124,coke,-0.650246305,0.217573306,-0.713266041
125,cold,0.392268808,-0.128572954,0.052417111
126,comb,0.25494062,-0.154775763,-0.054805599
127,cook,-0.027526475,0.059279834,-0.18035383
128,cookie,-0.160086136,0.11868866,-0.573832033
129,corn,0.586128455,0.019864804,-0.564209611
130,couch,-0.294503742,0.358462857,-0.499397225
131,cover,-0.007735184,-0.030329781,-0.200661396
132,cow,0.035655883,0.127160273,-0.514707885
133,cowboy,0.239126698,0.011329826,0.18642877
134,cracker,-0.073450448,-0.008614714,-0.642699881
135,crayon,-0.023269844,0.01371295,-0.117213542
136,crib,-0.339543066,0.048560439,-0.629937811
137,cry,-0.141245228,0.133414241,-0.630749833
138,cup,-0.116323623,0.14135946,-0.704032269
139,cut,0.232766827,0.010970637,-0.369614519
140,cute,0.356401642,0.118740504,0.013483251
141,daddy,-0.464932788,0.145566264,-0.538861754
142,dance,-0.613466395,0.213680787,-1.103289727
143,dark,-0.081355932,0.123149448,-0.577949064
144,day,0.019661523,-0.190308875,-0.172546413
145,deer,-0.328775184,0.250859486,-0.796077734
146,diaper,0.226774483,-0.294540108,-0.188630463
147,did,-0.155956679,-0.084402348,-0.273225008
148,dinner,-0.139670492,0.066885957,-0.39717526
149,dirty,-0.135195131,-0.032271398,-0.529783195
150,dish,-0.006825549,0.113868873,-0.244255808
151,do,-0.566507378,0.019455509,-0.321464503
152,doctor,-0.76702509,0.137996331,-0.708970262
153,dog,-0.067631162,-0.087080553,-0.372978105
154,doll,-0.390131373,0.094150192,-0.52745625
155,don't,-0.315010942,-0.23169002,-0.339081811
156,donkey,0.296703297,-0.063114925,-0.853933787
157,donut,0.106563612,-0.04791797,-0.368502908
158,door,0.040679817,0.194903567,-0.357422806
159,down,-0.218108617,0.132931051,-0.100874428
160,draw,0.05492222,0.040302185,-0.781889974
161,drawer,-0.242304805,0.144504353,-0.184310349
162,dress,0.025703189,0.237999477,-0.914645587
163,drive,-0.673470628,0.280290336,-0.789831383
164,drop,-0.129740769,-0.010488579,-0.191898059
165,dryer,-0.009199338,0.115724402,-0.345393101
166,duck,0.100315472,-0.05023177,-0.331020112
167,dump,-0.265260478,0.101821765,-0.438914303
168,ear,-0.185076016,0.485305686,-0.786891408
169,eat,-0.101727742,-0.062172159,-0.518045469
170,egg,0.166623272,0.196145801,-0.364536435
171,elephant,-0.062186266,0.204952823,-0.526226195
172,empty,-0.37228625,0.402541317,-0.912814992
173,eye,-0.293664384,0.499443557,-0.833533561
174,face,-0.420879682,0.072557021,-0.813613289
175,fall,-0.116172053,0.187380013,-0.403092889
176,farm,0.212008063,0.044293228,-0.46890944
177,fast,-0.195200373,0.102957506,-0.495526229
178,feed,-0.410380534,0.198469708,-0.604182584
179,find,-0.48885365,0.174074753,-0.291548858
180,fine,-0.404627407,0.425407244,-1.001134605
181,finger,-0.063018439,0.224569481,-0.656561857
182,finish,-0.11754598,0.193622894,-0.422032386
183,fireman,-0.038747116,0.122644973,-0.286556059
184,firetruck,0.366438356,0.019529385,0.070933156
185,first,-0.04070087,0.12015571,-0.416483985
186,fit,-0.194305694,0.178389654,-0.608737199
187,fix,0.046435579,0.030276282,-0.142210563
188,flag,-0.046126722,-0.094844003,-0.43075306
189,flower,-0.048058297,0.177015499,-0.412404004
190,food,-0.348092594,0.161931252,-0.73424879
191,foot,-0.18279882,0.066212966,-0.411740306
192,for,-0.322033898,0.231515359,-0.317009095
193,fork,-0.057462833,0.154172982,-0.661342442
194,french fries,0.089268374,0.024826116,-0.350564865
195,friend,-0.349829745,0.22236716,-0.879848713
196,frog,0.153484848,0.067448731,-0.247906819
197,full,-0.074604607,0.097143793,-0.299977124
198,game,-0.59047619,0.214749763,-0.776444098
199,garage,-0.251382841,0.091614736,-0.393144452
200,garbage,0.197848864,-0.191238893,0.022453386
201,garden,-0.100117609,0.141459353,-0.459168348
202,gas station,-0.401378446,0.225329812,-0.926092434
203,gentle,-0.221956868,0.22016845,-0.513118468
204,get,-0.264956449,0.312739689,-0.744047494
205,giraffe,0.170519481,-0.049432241,-0.231996659
206,girl,-0.292528616,0.14202559,-0.414356936
207,give,-0.329261404,0.141952423,-0.751829264
208,glass,-0.288881123,0.062998595,-0.343909948
209,glasses,-0.352451675,0.239111791,-0.752678982
210,gloves,-0.132093933,0.088012952,-0.59357764
211,glue,-0.084987173,-0.059326391,-0.13970293
212,go,-0.110758979,-0.084188571,-0.268608885
213,go potty,0.14384261,-0.089684282,-0.415003708
214,gonna/going to,-0.364718922,0.139714721,-0.277508536
215,good,-0.308477292,0.11966084,-0.690956323
216,goose,-0.12413052,-0.012974016,-0.390663383
217,gotta/got to,-0.22668034,0.090977413,-0.512065904
218,grandma,-0.164121437,0.062898373,-0.185844776
219,grandpa,-0.186884922,0.093463044,-0.495837255
220,grapes,0.196042185,0.041139598,-0.789401003
221,grass,0.177983575,0.058775542,-0.279545761
222,green,0.118644068,-0.033213015,-0.439097502
223,green beans,0.08488702,0.106299128,-0.421208273
224,grrr,-0.585220245,0.143850331,-0.68694872
225,gum,-0.130956002,0.037830486,-0.051945741
226,hafta/have to,-0.670441774,0.259425636,-0.538875696
227,hair,-0.068504128,0.200549631,-0.64302668
228,hamburger,-0.139242467,0.155543679,-0.233507285
229,hammer,-0.023323581,0.012979338,-0.275030753
230,hand,-0.057874294,-0.012145677,-0.168051603
231,happy,-0.220931042,0.094429171,-0.374942605
232,hard,-0.086220023,0.191801353,-0.431340609
233,hat,-0.401479473,0.198405867,-0.60434977
234,have,-0.25098087,0.118675467,-0.656347655
235,he,0.082468985,-0.103062558,-0.116545911
236,head,-0.038841336,0.115316648,-0.45336626
237,hear,0.041525424,0.09630647,-0.252616712
238,heavy,-0.143690763,0.200443495,-0.507552155
239,helicopter,-0.330027624,0.104853431,-0.603893875
240,hello,-0.648942582,-0.030477879,-0.267587948
241,help,-0.275950222,0.100224616,-0.668973762
242,hen,-0.002210261,0.042950411,-0.337320464
243,her,-0.005049442,0.076577066,-0.321380686
244,here,-0.203505131,0.073649302,-0.265974917
245,hi,-0.423096382,0.211078584,-0.546751503
246,hide,0.013218391,0.117614512,-0.484019968
247,high,-0.70377639,0.415977616,-1.044737866
248,high chair,-0.119618689,0.05971181,-0.343284554
249,him,-0.102602603,0.173936987,-0.40410553
250,his,-0.160533774,0.169256042,-0.208441501
251,hit,-0.25991258,0.280570099,-0.792792272
252,hold,-0.109060091,0.099790474,-0.635312469
253,home,-0.291413863,0.213745314,-0.928722587
254,horse,-0.178501836,0.088865601,-0.380325788
255,hose,0.133733761,-0.070308272,0.017825999
256,hot,-0.07393667,0.048590661,-0.185012633
257,house,-0.193058543,0.207632469,-0.48997226
258,how,-0.101950607,0.061460687,-0.350115442
259,hug,-0.376382876,0.12277657,-0.451758436
260,hungry,-0.248275862,0.10648484,-0.60585069
261,hurry,0.068639329,-0.08470799,-0.108943052
262,hurt,-0.226135323,-0.02533379,-0.721894778
263,i,-0.299494997,0.261932789,-0.215563614
264,ice,-0.137795091,0.181658372,-0.638712731
265,ice cream,-0.300014775,0.162064129,-0.14249898
266,inside,-0.169041854,0.136446825,-0.219051672
267,is,-0.097800448,0.02845862,-0.085678768
268,it,-0.104902651,0.303267404,0.018644993
269,jacket,-0.203991439,0.093584957,-0.455542889
270,jar,0.04109589,-0.001865268,-0.231594134
271,jeans,0.124371712,0.118269119,-0.634678299
272,jello,-0.038462672,-0.059021686,-0.298991528
273,jelly,-0.063916076,0.024587208,-0.142783366
274,juice,-0.261940022,0.262100867,-0.356026942
275,jump,-0.415669077,0.112032695,-0.519356744
276,keys,-0.212336187,0.098663204,-0.256054716
277,kick,-0.158783784,-0.029745531,-0.393096304
278,kiss,-0.4995005,0.104014354,-0.757455901
279,kitchen,-0.357888361,0.356990845,-0.715846318
280,kitty,-0.048471299,0.013891559,-0.255374642
281,knee,-0.170138889,0.083771517,-0.875617354
282,knife,0.170108365,0.046542745,-0.411477772
283,knock,0.192226768,-0.142513401,0.17098585
284,ladder,-0.138333684,0.168160056,-0.332319342
285,lady,-0.315711509,0.228572677,-0.831283108
286,lamb,-0.103781351,0.0935731,-0.341836597
287,lamp,0.029986069,0.178805475,-0.337612107
288,later,-0.056010826,0.227707441,-0.427021933
289,lawn mower,-0.106168094,0.016767234,-0.235500535
290,leg,-0.293011036,0.064316486,-0.361508828
291,lemme/let me,-0.028725576,-0.048876013,-0.170180811
292,lick,0.075084155,0.040538301,-0.284212057
293,light,-0.46300962,0.101080501,-0.632880684
294,like,-0.623254469,0.241236574,-0.871361645
295,lion,-0.150530172,0.088255094,-0.327000209
296,lips,0.028520967,0.22709986,-0.622502167
297,listen,0.019998802,0.115829322,-0.486282669
298,little,-0.369924812,0.129359593,-0.618377423
299,living room,-0.308368659,0.271266817,-0.606805331
300,lollipop,-0.004783876,-0.001729187,-0.180930069
301,long,-0.276744521,0.080675754,-0.379678249
302,look,-0.040211628,0.179064304,-0.520111949
303,loud,-0.500233485,0.092001263,-0.720516235
304,love,-0.70317943,0.341620519,-1.383447458
305,lunch,0.075330778,-0.068576509,-0.48719915
306,mad,0.001832665,0.122549362,-0.624111273
307,mailman,0.364111498,-0.056370241,0.007727555
308,make,-0.019502682,0.042721103,-0.190033235
309,man,-0.30019639,0.089960868,-0.94475959
310,me,-0.311156979,0.313782805,-0.449769329
311,meat,-0.013516436,0.184846565,-0.792972609
312,medicine,-0.717829175,0.288289807,-1.093083245
313,melon,-0.079575496,-0.094813018,-0.062341334
314,meow,0.067097367,0.09735068,-0.376432905
315,milk,-0.08479204,0.074068544,-0.226850901
316,mine,-0.471990375,0.220900574,-0.426855779
317,mittens,0.072750833,0.048810732,0.052352832
318,mommy,-0.424443921,0.315398482,-0.680511031
319,money,-0.020477816,-0.048694954,-0.345080345
320,monkey,0.214829123,-0.005814222,-0.415104044
321,moo,-0.085875706,0.066430671,-0.228356064
322,moon,-0.339749597,0.145326753,-0.350413133
323,moose,-0.233197514,0.150554779,-0.518048737
324,mop,-0.114241852,0.005836542,-0.051075082
325,more,-0.377140975,0.293085216,-0.838173686
326,morning,0.528759888,-0.044728768,-0.226880937
327,motorcycle,-0.153393963,0.082286613,-0.446607794
328,mouse,0.209777767,0.049394214,-0.713314096
329,mouth,-0.171832087,0.080452965,-0.24039613
330,movie,-0.49272976,0.135683082,-0.669892892
331,muffin,0.145141066,-0.010810579,-0.384258189
332,my,-0.253636364,0.068685298,-0.397048755
333,myself,0.112727273,0.195175558,-0.15544591
334,nail,-0.019075198,0.010225607,-0.166349189
335,nap,-0.175741151,-0.035221952,-0.433409853
336,napkin,-0.164084757,0.159057928,-0.482756566
337,necklace,0.074932012,0.082285034,-0.602637882
338,need,-0.336240383,0.190532437,-0.720085326
339,new,-0.082081861,0.106194084,-0.457094255
340,next to,-0.237514775,0.1849615,-0.301830264
341,nice,-0.210918317,0.108501318,-0.616969152
342,night,-0.021616162,-0.011201942,-0.377601
343,night night,0.012498056,-0.120759529,-0.202852189
344,no,-0.107548872,0.033087295,-0.695412665
345,noisy,-0.529269076,0.061977029,-0.529230573
346,noodles,0.213582429,0.098253266,-0.285901647
347,nose,-0.08599791,0.184351766,-0.444769056
348,not,0.037360707,-0.107868733,-0.743464541
349,now,-0.23475346,0.140451568,-0.353834966
350,nuts,-0.141664385,0.07390286,-0.558635538
351,off,-0.027111003,0.109745154,-0.361827392
352,old,0.548221774,0.060354574,-1.136512151
353,on,-0.098232106,0.023599018,-0.242656743
354,on top of,-0.603145374,0.1660122,-0.522566872
355,open,-0.048721028,-0.102837171,0.007275263
356,other,-0.272264169,0.307763104,-0.547703697
357,ouch,-0.237990825,-0.001864646,-0.438894207
358,out,0.032844709,-0.037172673,-0.357282357
359,outside,0.057972692,-0.021965628,-0.273457005
360,oven,0.088357588,0.128214991,-0.181170781
361,over,-0.264628109,0.074339873,-0.459519159
362,owie/boo boo,0.158958119,-0.062614213,0.030390372
363,owl,-0.038553004,-0.016373645,-0.126490676
364,paint,0.016379931,0.067014033,-0.602363224
365,pajamas,0.056277056,0.104888021,-0.648103211
366,pancake,-0.038306736,0.130807585,-0.274444078
367,pants,0.032845491,0.196237433,-0.933545635
368,paper,-0.102774791,0.089542055,-0.320290258
369,park (place),0.036047409,-0.006321837,-0.256272559
370,party,0.127703495,-0.004392915,-0.566751359
371,pattycake,-0.250739376,-0.048938172,-0.232230172
372,peanut butter,-0.002895777,0.008446215,-0.178960432
373,peas,0.624346202,0.018008381,-0.316873708
374,peekaboo,-0.001664764,-0.01945321,0.044235401
375,pen,0.074111826,0.029875525,-0.124059244
376,pencil,-0.142696268,0.169315824,-0.342067241
377,penguin,-0.194811497,0.125435536,-0.51966677
378,penis,0.321227843,0.036173237,-1.840490926
379,penny,-0.328725416,0.262494715,-0.712777988
380,people,-0.450114545,0.419946722,-0.965558105
381,pick,0.149397758,0.234332634,-0.086297345
382,pickle,0.111482403,0.027456109,-0.357250811
383,picnic,-0.141974879,0.161849699,-0.343970987
384,picture,-0.163841808,0.025019054,-0.44850601
385,pig,-0.057171774,0.121693575,-0.5889224
386,pillow,-0.371237458,0.107207224,-0.646297809
387,pizza,-0.426011838,0.129541958,-0.529457123
388,plant,-0.055376028,0.084585111,-0.311295698
389,plate,-0.163212284,0.048709882,-0.488871969
390,play,-0.263570256,0.06954548,-0.738929346
391,play dough,-0.00170058,-0.088637038,0.053863046
392,playground,-0.262346257,-0.053016672,-0.050526372
393,please,-0.375325839,0.194053603,-0.86661366
394,police,0.282347282,-0.007457251,-0.134664538
395,pony,0.070033097,-0.00945478,-0.149247409
396,pool,-0.131081882,0.05412363,-0.370236767
397,popcorn,-0.270371018,0.042974092,-0.452857043
398,popsicle,0.115170188,0.005264442,0.000918489
399,porch,-0.110795455,0.071977715,-0.145973395
400,potato,0.111167902,0.137588065,-0.493517109
401,potato chip,0.118977742,0.078342189,-0.523928509
402,potty,0.05621648,-0.15079259,-0.446168109
403,pour,-0.149221255,-0.045895469,-0.13672241
404,present,0.20657929,0.032207379,-0.27078281
405,pretend,0.00433762,0.07588369,-0.245323653
406,pretty,0.328248825,0.058036634,-0.031498913
407,pretzel,0.063166488,-0.104772569,-0.243166538
408,pudding,-0.131085998,0.032234332,-0.172482657
409,pull,-0.105167319,-0.039423726,-0.106585247
410,pumpkin,0.193266401,0.06760229,-0.398127575
411,puppy,-0.174107143,0.083881741,-0.18650882
412,purse,-0.515511979,0.146419051,-0.70280453
413,push,-0.280541447,0.083441554,-0.172009086
414,put,-0.050095721,-0.047184571,-0.109605992
415,puzzle,0.101990233,0.134265905,-0.461172976
416,quack quack,-0.003579611,-0.022722182,-0.322212244
417,quiet,-0.144721079,-0.032997603,-0.567290285
418,radio,-0.097959184,0.184698103,-0.704183236
419,rain,-0.273945578,0.16141837,-0.457437439
420,raisin,-0.101105169,0.062263277,-0.57882224
421,read,-0.214115545,0.148088671,-0.570276542
422,red,0.590747287,-0.270662667,-0.581416865
423,refrigerator,-0.228063634,-0.003982434,-0.175761699
424,ride,-0.346527778,0.105761472,-0.227880339
425,rip,0.054237288,0.026157447,-0.160490319
426,rock,0.004067797,0.009459026,-0.353841247
427,rocking chair,-0.038543194,0.005478018,-0.323296387
428,roof,-0.326160152,0.464510294,-0.98618503
429,room,-0.314837876,0.1754956,-0.644568748
430,rooster,0.033622304,0.136746091,-0.818213194
431,run,-0.439577076,0.254170919,-0.655480109
432,sad,-0.467113642,0.000246157,-0.843951597
433,salt,-0.004580852,0.111924831,-0.350785402
434,same,-0.091329181,0.028920346,-0.154025664
435,sandbox,0.112244898,-0.10012127,-0.103483881
436,sandwich,-0.14028777,0.085699323,-0.258495989
437,sauce,0.164299745,-0.006964374,-0.311336502
438,say,-0.244399927,0.057372154,-0.527540393
439,scared,-0.116509211,0.024982643,-0.532204623
440,school,-0.210330176,0.157891397,-0.615727377
441,scissors,0.215683571,-0.021726244,0.148483355
442,see,-0.181182982,0.271447113,-0.513521997
443,shake,-0.278350515,0.137148965,-0.187837203
444,share,-0.59293011,0.318551548,-0.805667581
445,she,-0.121621622,0.102041163,-0.467172078
446,sheep,0.036876324,0.217679461,-0.748400995
447,shh/shush/hush,-0.17724564,0.018699089,-0.255336723
448,shirt,0.19051885,0.161056488,-0.615335852
449,shoe,-0.044771129,0.108385515,-0.708610429
450,shopping,-0.378385318,0.271129249,-0.565620984
451,shorts,0.088850975,0.047053571,-0.231156046
452,shoulder,-0.348737461,0.178026866,-0.930590131
453,shovel,-0.177583195,0.034250433,-0.317744261
454,show,-0.559826381,0.395852867,-0.951187896
455,shower,-0.136533808,0.055633275,-0.67348888
456,sick,0.101374313,-0.081736287,-0.326957745
457,sidewalk,-0.615226913,0.154859865,-0.345941944
458,sing,-0.091241139,0.192147126,-0.535010889
459,sink (noun),-0.195558968,0.097670597,-0.305445511
460,sister,-0.224740278,0.139649283,-0.315549272
461,sit,0.024931287,-0.051513724,0.035449018
462,skate,0.100614246,0.182301866,-0.59226821
463,sky,-0.172678503,0.113728427,-0.402706957
464,sled,-0.045833333,0.055414022,-0.16342368
465,sleep,-0.305599067,0.185584087,-0.738924777
466,sleepy,-0.016635147,0.032250919,-0.355035624
467,slipper,-0.035795251,0.036829536,-0.418666241
468,slow,-0.244665754,0.126149212,-0.626107131
469,smile,-0.1509154,0.119007158,-0.410477544
470,snack,-0.181676267,0.135583234,-0.351761608
471,sneaker,-0.483782349,0.180425106,-0.787533731
472,snow,0.01111893,0.009808737,-0.242122829
473,snowman,0.144269472,0.036521746,0.00120249
474,soap,-0.118644068,0.128520357,-0.696511163
475,sock,-0.120949609,0.055832598,-0.552454289
476,soda,0.048659674,0.03435038,-0.558450471
477,sofa,-0.015847033,0.026478325,-0.083348354
478,soft,0.132895738,-0.055393535,-0.017472988
479,some,-0.149122459,0.106416821,-0.183663976
480,soup,-0.323024055,0.126532474,-0.330250076
481,spaghetti,0.046985695,0.006908317,-0.065566416
482,spill,0.072959184,0.06151888,-0.197439188
483,splash,-0.17231597,-0.046808806,-0.272075924
484,spoon,-0.039990421,0.131282857,-0.372016387
485,sprinkler,-0.1898694,-0.020958709,-0.297898126
486,squirrel,0.15917008,-0.003336963,-0.162163568
487,stairs,-0.346309757,0.346234257,-0.661996094
488,stand,-0.695129994,0.379865241,-0.714139073
489,star,-0.13902871,0.030812151,-0.199679469
490,stay,-0.314585981,0.253698196,-0.396380779
491,stick,-0.011200183,0.031236411,-0.388898455
492,sticky,0.009223903,-0.038035034,-0.330601232
493,stone,-0.115581296,0.050032081,-0.400771478
494,stop,-0.138077338,-0.038964172,-0.308765008
495,store,-0.30062143,0.074174285,-0.550354634
496,story,0.060739437,-0.027934517,-0.339229862
497,stove,-0.157187083,0.110435745,-0.372709095
498,strawberry,-0.010446935,0.079790128,-0.031864466
499,street,-0.229018826,0.120139338,-0.515947095
500,stroller,-0.380228687,-0.057338394,0.025916338
501,stuck,-0.225302189,0.348993843,-0.610658515
502,sun,0.024915254,0.106350199,-0.194596591
503,sweater,0.072024458,0.219568776,-0.754974333
504,sweep,-0.02859417,0.038851435,-0.047382865
505,swim,0.04778157,0.101822508,-0.312181676
506,table,0.007334992,0.090135019,-0.282790418
507,take,-0.367430008,0.201671535,-0.591335837
508,talk,-0.351271992,0.16306947,-0.878388794
509,tape,-0.119669743,0.067258622,-0.666560402
510,taste,-0.095191423,0.092621142,-0.808046653
511,teacher,-0.482186732,0.196496421,-0.674823297
512,tear (verb),-0.086165597,0.056216706,-0.172985552
513,teddybear,0.111111111,-0.095109934,-0.291349933
514,telephone,-0.073699387,0.219112823,-0.779971248
515,thank you,-0.465988269,0.202997671,-0.794161238
516,that,0.015005275,0.092771682,-0.211982036
517,the,0.203240059,-0.054078003,-0.014247977
518,there,-0.217136522,-0.043504978,-0.222283943
519,these,-0.219520748,0.229558166,-0.114772383
520,they,0.186929224,-0.007460513,-0.294249261
521,think,-0.105943656,0.09948553,-0.470050832
522,thirsty,-0.386112157,0.231304914,-1.021027538
523,this,-0.076737452,-0.040113624,-0.316189841
524,those,-0.220367199,0.297956948,0.005188556
525,throw,-0.137123746,0.026444002,-0.154891124
526,tickle,-0.049169896,0.018282728,-0.371945559
527,tiger,-0.374023292,0.168836288,-0.463277769
528,time,-0.28668942,0.1934692,-0.68828729
529,tiny,-0.541666667,0.293254613,-0.887438521
530,tired,-0.167533491,0.049362829,-0.459614062
531,tissue,0.104782912,-0.075371346,-0.073610745
532,to,-0.121419324,0.184996887,-0.35052473
533,toast,-0.134486104,0.088425905,-0.256034768
534,today,-0.342934391,0.11206366,-0.141909222
535,toe,0.039642513,0.10394993,-0.622138613
536,tomorrow,-0.159006587,0.153051489,-0.517122023
537,tongue,0.041114983,0.100293046,-0.233195892
538,tonight,0.154325873,-0.042736853,-0.358913703
539,too,0.226864369,-0.058542055,0.015391605
540,tooth,-0.29345412,0.25518141,-0.967424423
541,toothbrush,0.023266488,0.140802478,-0.583369656
542,touch,-0.180998501,0.077861203,-0.635009596
543,towel,-0.167095266,0.033410528,-0.358398784
544,toy,-0.200647489,0.120874062,-0.240103322
545,tractor,-0.238184964,0.16624095,-0.578312378
546,train,-0.392385698,0.057909286,-0.331024995
547,trash,0.081167109,-0.06002149,-0.196462938
548,tree,0.233076528,0.103175162,-0.323844834
549,tricycle,-0.141928094,-0.142582618,0.020827656
550,truck,-0.602191781,0.196052323,-0.57244878
551,try,-0.578014184,0.235347249,-0.450770273
552,tummy,0.285866261,0.093480823,-0.489841674
553,tuna,0.024489498,-0.063429549,-0.134441952
554,turkey,0.010416667,-0.007448842,-0.133488153
555,turn,-0.435400271,0.126573104,-0.404151563
556,turtle,0.029017031,0.058054182,-0.32203581
557,tv,0.334852217,-0.055361993,-0.522308836
558,uh oh,-0.097635744,-0.037296359,-0.297106227
559,uncle,-0.075225587,0.208026633,-0.383800649
560,under,0.038902795,-0.035196029,0.211637531
561,underpants,0.492752477,0.042442494,-1.100476743
562,up,-0.190918833,-0.163314218,-0.340101346
563,vacuum,-0.197832973,0.084607109,-0.300169021
564,vitamins,-0.176282051,0.230342918,-0.60003988
565,vroom,-0.147284594,0.072441965,-0.324917564
566,wait,-0.233676976,0.092464558,-0.254443863
567,wake (verb),0.114691721,0.039971068,-0.228101101
568,walk,-0.343638931,0.138775924,-0.412605058
569,wanna/want to,-0.362919758,0.192557523,-0.478398169
570,wash,0.007814333,-0.033743763,-0.134630546
571,washing machine,-0.038349142,0.124092645,-0.491778959
572,we,-0.09791395,0.217515715,-0.328659333
573,wet,-0.082855382,0.090695168,-0.460728344
574,what,0.582912919,-0.222371185,0.237764461
575,where,-0.129003344,0.210350597,-0.312681936
576,white,0.091640724,-0.012076236,-0.397942019
577,who,-0.053226,0.244770405,-0.344857261
578,why,-0.415543772,0.225497772,-0.577781322
579,will,-0.577101599,0.273126419,-0.578234084
580,wind,-0.377989642,0.116236499,-0.530011406
581,window,0.076553672,0.394508773,-0.803748356
582,windy,0.150087749,-0.05627429,-0.098399138
583,wipe,-0.178774464,0.02587929,-0.348798159
584,with,-0.428743905,0.193334161,-0.548173774
585,wolf,-0.215841675,0.101164247,-0.470789194
586,woof,-0.086469146,-0.059943853,-0.186331408
587,write,-0.030680959,0.012737873,-0.845258505
588,yard,0.077441077,0.098740326,-0.389323616
589,yellow,-0.142652455,0.001530001,-0.393659401
590,yes,-0.644230523,0.177034215,-0.709557879
591,yogurt,-0.468786448,0.153390265,-0.813848307
592,you,0.176131123,-0.14254532,0.017982157
593,your,-0.504541048,0.254486626,-0.41330506
594,yucky,-0.37140677,-0.004651979,-0.443979269
595,yum,-0.309439689,0.119510945,-0.251370895
596,zebra,0.127738377,-0.004160563,-0.246727746
597,zipper,0.115254237,0.092396783,-0.077240001
598,zoo,-0.091181147,0.020634623,-0.333107924
